地区名,センター,燃える,燃えない,プラスチック、ペットボトル,カン,ビン
安島,坂井市環境推進課,月 木,水1,水2 水4,水3,水4
旭台,坂井市環境推進課,月 木,水1,水2 水4,水3,水4
油屋,坂井市環境推進課,月 木,水1,水2 水4,水3,水4
安養寺,坂井市環境推進課,火 金,水1,水2 水4,水3,水2
油為頭,坂井市環境推進課,月 木,水2 水4,水2 水4,水2 水4,水2 水4
荒町,坂井市環境推進課,火 金,水2 水4,水2 水4,水2 水4,水2 水4
朝陽,坂井市環境推進課,火 金,水2 水4,水2 水4,水2 水4,水2 水4
朝陽2丁目,坂井市環境推進課,火 金,水2 水4,水2 水4,水2 水4,水2 水4
赤坂,坂井市環境推進課,火 金,水2 水4,水2 水4,水2 水4,水2 水4
愛宕,坂井市環境推進課,火 金,水2 水4,水2 水4,水2 水4,水2 水4
朝日,坂井市環境推進課,月 木,水1,水2 水4,水2,水4
朝日住宅,坂井市環境推進課,月 木,水1,水2 水4,水2,水4
相生,坂井市環境推進課,火 金,水1,水2 水4,水2,水4
池上,坂井市環境推進課,月 木,水1,水2 水4,水3,水4
石丸,坂井市環境推進課,月 木,水1,水2 水4,水3,水4
池見,坂井市環境推進課,月 木,水1,水2 水4,水3,水4
岩崎,坂井市環境推進課,火 金,水1,水2 水4,水3,水2
石切場,坂井市環境推進課,火 金,水1,水2 水4,水3,水2
磯部新保1区,坂井市環境推進課,月 木,水2 水4,水2 水4,水2 水4,水2 水4
磯部新保2区,坂井市環境推進課,月 木,水2 水4,水2 水4,水2 水4,水2 水4
磯部福庄,坂井市環境推進課,月 木,水2 水4,水2 水4,水2 水4,水2 水4
磯部島,坂井市環境推進課,月 木,水2 水4,水2 水4,水2 水4,水2 水4
磯部島2,坂井市環境推進課,月 木,水2 水4,水2 水4,水2 水4,水2 水4
今市,坂井市環境推進課,月 木,水2 水4,水2 水4,水2 水4,水2 水4
板倉,坂井市環境推進課,月 木,水2 水4,水2 水4,水2 水4,水2 水4
一本田中,坂井市環境推進課,火 金,水2 水4,水2 水4,水2 水4,水2 水4
一本田,坂井市環境推進課,火 金,水2 水4,水2 水4,水2 水4,水2 水4
一本田新1区,坂井市環境推進課,火 金,水2 水4,水2 水4,水2 水4,水2 水4
一本田新2区,坂井市環境推進課,火 金,水2 水4,水2 水4,水2 水4,水2 水4
一本田新3区,坂井市環境推進課,火 金,水2 水4,水2 水4,水2 水4,水2 水4
一本田新4区,坂井市環境推進課,火 金,水2 水4,水2 水4,水2 水4,水2 水4
今福,坂井市環境推進課,火 金,水2 水4,水2 水4,水2 水4,水2 水4
今福2区,坂井市環境推進課,火 金,水2 水4,水2 水4,水2 水4,水2 水4
泉,坂井市環境推進課,火 金,水2 水4,水2 水4,水2 水4,水2 水4
猪爪,坂井市環境推進課,火 金,水2 水4,水2 水4,水2 水4,水2 水4
猪爪新1区,坂井市環境推進課,火 金,水2 水4,水2 水4,水2 水4,水2 水4
猪爪新2区,坂井市環境推進課,火 金,水2 水4,水2 水4,水2 水4,水2 水4
猪爪新3区,坂井市環境推進課,火 金,水2 水4,水2 水4,水2 水4,水2 水4
乾町,坂井市環境推進課,火 金,水2 水4,水2 水4,水2 水4,水2 水4
一本田福所,坂井市環境推進課,火 金,水2 水4,水2 水4,水2 水4,水2 水4
一本田福所2区,坂井市環境推進課,火 金,水2 水4,水2 水4,水2 水4,水2 水4
乾下田,坂井市環境推進課,火 金,水2 水4,水2 水4,水2 水4,水2 水4
石上,坂井市環境推進課,火 金,水2 水4,水2 水4,水2 水4,水2 水4
今町,坂井市環境推進課,火 金,水2 水4,水2 水4,水2 水4,水2 水4
井　向,坂井市環境推進課,月 金,水1,水2 水4,水2,水4
石　塚,坂井市環境推進課,月 金,水1,水2 水4,水2,水4
石　仏,坂井市環境推進課,月 金,水1,水2 水4,水2,水4
いちい野,坂井市環境推進課,月 金,水1,水2 水4,水2,水4
いちい野北,坂井市環境推進課,月 金,水1,水2 水4,水2,水4
いちい野中央,坂井市環境推進課,月 金,水1,水2 水4,水2,水4
今井,坂井市環境推進課,火 金,水1,水2 水4,水2,水4
運動公園,坂井市環境推進課,月 木,水1,水2 水4,水3,水2
運動公園三丁目,坂井市環境推進課,月 木,水1,水2 水4,水3,水2
請地,坂井市環境推進課,月 木,水1,水2 水4,水3,水4
宇随,坂井市環境推進課,月 木,水2 水4,水2 水4,水2 水4,水2 水4
牛ケ島,坂井市環境推進課,月 木,水2 水4,水2 水4,水2 水4,水2 水4
上田町,坂井市環境推進課,火 金,水2 水4,水2 水4,水2 水4,水2 水4
宇田,坂井市環境推進課,火 金,水2 水4,水2 水4,水2 水4,水2 水4
内田,坂井市環境推進課,火 金,水2 水4,水2 水4,水2 水4,水2 水4
江留上大和,坂井市環境推進課,月 金,水1,水2 水4,水2,水4
江留上本町,坂井市環境推進課,月 金,水1,水2 水4,水2,水4
江留上緑,坂井市環境推進課,月 金,水1,水2 水4,水2,水4
江留上日の出,坂井市環境推進課,月 金,水1,水2 水4,水2,水4
江留上旭,坂井市環境推進課,月 金,水1,水2 水4,水2,水4
江留上中央,坂井市環境推進課,月 金,水1,水2 水4,水2,水4
江留上昭和,坂井市環境推進課,月 金,水1,水2 水4,水2,水4
江留上新町,坂井市環境推進課,月 金,水1,水2 水4,水2,水4
江留上錦,坂井市環境推進課,月 金,水1,水2 水4,水2,水4
江留下西,坂井市環境推進課,月 金,水1,水2 水4,水2,水4
江留下宇和江,坂井市環境推進課,月 金,水1,水2 水4,水2,水4
江留下屋敷,坂井市環境推進課,月 金,水1,水2 水4,水2,水4
江留中,坂井市環境推進課,月 金,水1,水2 水4,水2,水4
駅前　,坂井市環境推進課,月 木,水1,水2 水4,水2,水4
沖野々,坂井市環境推進課,月 木,水1,水2 水4,水3,水4
温泉,坂井市環境推進課,火 金,水1,水2 水4,水3,水2
大森,坂井市環境推進課,月 木,水2 水4,水2 水4,水2 水4,水2 水4
岡,坂井市環境推進課,月 木,水2 水4,水2 水4,水2 水4,水2 水4
女形谷,坂井市環境推進課,火 金,水2 水4,水2 水4,水2 水4,水2 水4
小黒,坂井市環境推進課,火 金,水2 水4,水2 水4,水2 水4,水2 水4
沖布目,坂井市環境推進課,月 金,水1,水2 水4,水2,水4
豊　島,坂井市環境推進課,月 金,水1,水2 水4,水2,水4
大　針,坂井市環境推進課,月 金,水1,水2 水4,水2,水4
大　牧,坂井市環境推進課,月 金,水1,水2 水4,水2,水4
大関大正,坂井市環境推進課,火 金,水1,水2 水4,水2,水4
大味上,坂井市環境推進課,火 金,水1,水2 水4,水2,水4
大味中,坂井市環境推進課,火 金,水1,水2 水4,水2,水4
大味下,坂井市環境推進課,火 金,水1,水2 水4,水2,水4
大味春日,坂井市環境推進課,火 金,水1,水2 水4,水2,水4
折戸,坂井市環境推進課,火 金,水1,水2 水4,水2,水4
上横,坂井市環境推進課,月 木,水1,水2 水4,水3,水2
上真砂,坂井市環境推進課,月 木,水1,水2 水4,水3,水2
梶,坂井市環境推進課,月 木,水1,水2 水4,水3,水4
加戸東,坂井市環境推進課,月 木,水1,水2 水4,水3,水4
加戸西,坂井市環境推進課,月 木,水1,水2 水4,水3,水4
鐘場,坂井市環境推進課,月 木,水1,水2 水4,水3,水4
鴨池,坂井市環境推進課,月 木,水1,水2 水4,水3,水4
金井,坂井市環境推進課,月 木,水1,水2 水4,水3,水4
川崎,坂井市環境推進課,月 木,水1,水2 水4,水3,水4
観音,坂井市環境推進課,火 金,水1,水2 水4,水3,水2
上西,坂井市環境推進課,火 金,水1,水2 水4,水3,水2
上緑,坂井市環境推進課,火 金,水1,水2 水4,水3,水2
上旭,坂井市環境推進課,火 金,水1,水2 水4,水3,水2
上台,坂井市環境推進課,火 金,水1,水2 水4,水3,水2
上錦,坂井市環境推進課,火 金,水1,水2 水4,水3,水2
覚善,坂井市環境推進課,火 金,水1,水2 水4,水3,水4
覚善東,坂井市環境推進課,火 金,水1,水2 水4,水3,水4
上金屋,坂井市環境推進課,月 木,水2 水4,水2 水4,水2 水4,水2 水4
上久米田,坂井市環境推進課,月 木,水2 水4,水2 水4,水2 水4,水2 水4
金元,坂井市環境推進課,月 木,水2 水4,水2 水4,水2 水4,水2 水4
上安田,坂井市環境推進課,月 木,水2 水4,水2 水4,水2 水4,水2 水4
上谷,坂井市環境推進課,火 金,水2 水4,水2 水4,水2 水4,水2 水4
上富田,坂井市環境推進課,火 金,水2 水4,水2 水4,水2 水4,水2 水4
上石城戸,坂井市環境推進課,火 金,水2 水4,水2 水4,水2 水4,水2 水4
上本町,坂井市環境推進課,火 金,水2 水4,水2 水4,水2 水4,水2 水4
霞ケ丘1区,坂井市環境推進課,火 金,水2 水4,水2 水4,水2 水4,水2 水4
霞ケ丘2区,坂井市環境推進課,火 金,水2 水4,水2 水4,水2 水4,水2 水4
霞ケ丘3区,坂井市環境推進課,火 金,水2 水4,水2 水4,水2 水4,水2 水4
霞ケ丘4区,坂井市環境推進課,火 金,水2 水4,水2 水4,水2 水4,水2 水4
上長畝,坂井市環境推進課,火 金,水2 水4,水2 水4,水2 水4,水2 水4
川上,坂井市環境推進課,火 金,水2 水4,水2 水4,水2 水4,水2 水4
春日野,坂井市環境推進課,月 金,水1,水2 水4,水2,水4
上小森,坂井市環境推進課,月 金,水1,水2 水4,水2,水4
室　町,坂井市環境推進課,月 金,水1,水2 水4,水2,水4
上新庄,坂井市環境推進課,月 木,水1,水2 水4,水2,水4
上新庄新町,坂井市環境推進課,月 木,水1,水2 水4,水2,水4
河和田,坂井市環境推進課,月 木,水1,水2 水4,水2,水4
上関,坂井市環境推進課,火 金,水1,水2 水4,水2,水4
上蔵,坂井市環境推進課,火 金,水1,水2 水4,水2,水4
上兵庫,坂井市環境推進課,火 金,水1,水2 水4,水2,水4
久宝持,坂井市環境推進課,月 木,水1,水2 水4,水3,水2
喜宝,坂井市環境推進課,月 木,水1,水2 水4,水3,水2
北末広,坂井市環境推進課,月 木,水1,水2 水4,水3,水2
近庄,坂井市環境推進課,月 木,水2 水4,水2 水4,水2 水4,水2 水4
北横地1区,坂井市環境推進課,月 木,水2 水4,水2 水4,水2 水4,水2 水4
北横地2区,坂井市環境推進課,月 木,水2 水4,水2 水4,水2 水4,水2 水4
北横地3区,坂井市環境推進課,月 木,水2 水4,水2 水4,水2 水4,水2 水4
北横地4区,坂井市環境推進課,月 木,水2 水4,水2 水4,水2 水4,水2 水4
儀間,坂井市環境推進課,月 木,水2 水4,水2 水4,水2 水4,水2 水4
北四ッ柳,坂井市環境推進課,月 木,水2 水4,水2 水4,水2 水4,水2 水4
共栄,坂井市環境推進課,火 金,水2 水4,水2 水4,水2 水4,水2 水4
北霞1区,坂井市環境推進課,火 金,水2 水4,水2 水4,水2 水4,水2 水4
北霞2区,坂井市環境推進課,火 金,水2 水4,水2 水4,水2 水4,水2 水4
北霞3区,坂井市環境推進課,火 金,水2 水4,水2 水4,水2 水4,水2 水4
北霞4区,坂井市環境推進課,火 金,水2 水4,水2 水4,水2 水4,水2 水4
京　町,坂井市環境推進課,月 金,水1,水2 水4,水2,水4
京町南,坂井市環境推進課,月 金,水1,水2 水4,水2,水4
木部西方寺,坂井市環境推進課,月 金,水1,水2 水4,水2,水4
北宮領,坂井市環境推進課,月 木,水1,水2 水4,水2,水4
清永,坂井市環境推進課,火 金,水1,水2 水4,水2,水4
木部東,坂井市環境推進課,火 金,水1,水2 水4,水2,水4
木部新保,坂井市環境推進課,火 金,水1,水2 水4,水2,水4
黒目,坂井市環境推進課,月 木,水1,水2 水4,水3,水4
グリーンハイツ,坂井市環境推進課,火 金,水1,水2 水4,水3,水2
九頭竜大橋,坂井市環境推進課,月 木,水2 水4,水2 水4,水2 水4,水2 水4
熊堂,坂井市環境推進課,月 木,水2 水4,水2 水4,水2 水4,水2 水4
グリーン栄,坂井市環境推進課,火 金,水2 水4,水2 水4,水2 水4,水2 水4
玄女,坂井市環境推進課,火 金,水2 水4,水2 水4,水2 水4,水2 水4
けやき野,坂井市環境推進課,月 木,水1,水2 水4,水2,水4
御所垣内,坂井市環境推進課,火 金,水1,水2 水4,水3,水2
米ヶ脇,坂井市環境推進課,火 金,水1,水2 水4,水3,水2
雇用促進,坂井市環境推進課,火 金,水2 水4,水2 水4,水2 水4,水2 水4
小人町,坂井市環境推進課,火 金,水2 水4,水2 水4,水2 水4,水2 水4
金剛寺,坂井市環境推進課,月 金,水1,水2 水4,水2,水4
五本,坂井市環境推進課,月 木,水1,水2 水4,水2,水4
御油田,坂井市環境推進課,月 木,水1,水2 水4,水2,水4
鯉,坂井市環境推進課,火 金,水1,水2 水4,水2,水4
桜町,坂井市環境推進課,月 木,水1,水2 水4,水3,水2
桜ヶ丘,坂井市環境推進課,月 木,水1,水2 水4,水3,水2
崎,坂井市環境推進課,月 木,水1,水2 水4,水3,水4
栄町,坂井市環境推進課,火 金,水1,水2 水4,水3,水2
笹和田,坂井市環境推進課,火 金,水2 水4,水2 水4,水2 水4,水2 水4
三ケ町,坂井市環境推進課,火 金,水2 水4,水2 水4,水2 水4,水2 水4
栄,坂井市環境推進課,火 金,水2 水4,水2 水4,水2 水4,水2 水4
三本木,坂井市環境推進課,火 金,水2 水4,水2 水4,水2 水4,水2 水4
里丸岡,坂井市環境推進課,火 金,水2 水4,水2 水4,水2 水4,水2 水4
里竹田,坂井市環境推進課,火 金,水2 水4,水2 水4,水2 水4,水2 水4
境上町,坂井市環境推進課,月 金,水1,水2 水4,水2,水4
境元町,坂井市環境推進課,月 金,水1,水2 水4,水2,水4
定　広,坂井市環境推進課,月 金,水1,水2 水4,水2,水4
定　重,坂井市環境推進課,月 金,水1,水2 水4,水2,水4
定旨,坂井市環境推進課,月 木,水1,水2 水4,水2,水4
下錦,坂井市環境推進課,月 木,水1,水2 水4,水3,水2
下新,坂井市環境推進課,月 木,水1,水2 水4,水3,水2
下真砂,坂井市環境推進課,月 木,水1,水2 水4,水3,水2
新緑ヶ丘団地,坂井市環境推進課,月 木,水1,水2 水4,水3,水2
新保,坂井市環境推進課,月 木,水1,水2 水4,水3,水2
城ヶ原,坂井市環境推進課,月 木,水1,水2 水4,水3,水4
下野,坂井市環境推進課,月 木,水1,水2 水4,水3,水4
新町,坂井市環境推進課,火 金,水1,水2 水4,水3,水2
汐見,坂井市環境推進課,火 金,水1,水2 水4,水3,水2
下西,坂井市環境推進課,火 金,水1,水2 水4,水3,水2
下緑,坂井市環境推進課,火 金,水1,水2 水4,水3,水2
下旭,坂井市環境推進課,火 金,水1,水2 水4,水3,水2
下台,坂井市環境推進課,火 金,水1,水2 水4,水3,水2
新緑,坂井市環境推進課,火 金,水1,水2 水4,水3,水2
宿,坂井市環境推進課,火 金,水1,水2 水4,水3,水2
新宿一丁目,坂井市環境推進課,火 金,水1,水2 水4,水3,水2
新宿二丁目,坂井市環境推進課,火 金,水1,水2 水4,水3,水2
陣ヶ岡,坂井市環境推進課,火 金,水1,水2 水4,水3,水4
下久米田上,坂井市環境推進課,月 木,水2 水4,水2 水4,水2 水4,水2 水4
下久米田下,坂井市環境推進課,月 木,水2 水4,水2 水4,水2 水4,水2 水4
新鳴鹿2丁目,坂井市環境推進課,月 木,水2 水4,水2 水4,水2 水4,水2 水4
新鳴鹿3丁目,坂井市環境推進課,月 木,水2 水4,水2 水4,水2 水4,水2 水4
新鳴鹿1丁目,坂井市環境推進課,月 木,水2 水4,水2 水4,水2 水4,水2 水4
四郎丸,坂井市環境推進課,月 木,水2 水4,水2 水4,水2 水4,水2 水4
下安田,坂井市環境推進課,月 木,水2 水4,水2 水4,水2 水4,水2 水4
新九頭竜1区,坂井市環境推進課,月 木,水2 水4,水2 水4,水2 水4,水2 水4
新九頭竜2区,坂井市環境推進課,月 木,水2 水4,水2 水4,水2 水4,水2 水4
新間,坂井市環境推進課,月 木,水2 水4,水2 水4,水2 水4,水2 水4
下谷,坂井市環境推進課,火 金,水2 水4,水2 水4,水2 水4,水2 水4
下富田,坂井市環境推進課,火 金,水2 水4,水2 水4,水2 水4,水2 水4
下石城戸,坂井市環境推進課,火 金,水2 水4,水2 水4,水2 水4,水2 水4
新町,坂井市環境推進課,火 金,水2 水4,水2 水4,水2 水4,水2 水4
新松川町,坂井市環境推進課,火 金,水2 水4,水2 水4,水2 水4,水2 水4
城南,坂井市環境推進課,火 金,水2 水4,水2 水4,水2 水4,水2 水4
城東,坂井市環境推進課,火 金,水2 水4,水2 水4,水2 水4,水2 水4
城北1区,坂井市環境推進課,火 金,水2 水4,水2 水4,水2 水4,水2 水4
城北2区,坂井市環境推進課,火 金,水2 水4,水2 水4,水2 水4,水2 水4
城北3区,坂井市環境推進課,火 金,水2 水4,水2 水4,水2 水4,水2 水4
城北4区,坂井市環境推進課,火 金,水2 水4,水2 水4,水2 水4,水2 水4
城北5区,坂井市環境推進課,火 金,水2 水4,水2 水4,水2 水4,水2 水4
下長畝,坂井市環境推進課,火 金,水2 水4,水2 水4,水2 水4,水2 水4
篠岡,坂井市環境推進課,火 金,水2 水4,水2 水4,水2 水4,水2 水4
新為国　,坂井市環境推進課,月 金,水1,水2 水4,水2,水4
正　善,坂井市環境推進課,月 金,水1,水2 水4,水2,水4
下小森,坂井市環境推進課,月 金,水1,水2 水4,水2,水4
正蓮花,坂井市環境推進課,月 金,水1,水2 水4,水2,水4
新福島,坂井市環境推進課,月 木,水1,水2 水4,水2,水4
新庄,坂井市環境推進課,月 木,水1,水2 水4,水2,水4
下新庄,坂井市環境推進課,月 木,水1,水2 水4,水2,水4
小路,坂井市環境推進課,火 金,水1,水2 水4,水2,水4
島田,坂井市環境推進課,火 金,水1,水2 水4,水2,水4
下蔵,坂井市環境推進課,火 金,水1,水2 水4,水2,水4
新東中野,坂井市環境推進課,火 金,水1,水2 水4,水2,水4
新大味,坂井市環境推進課,火 金,水1,水2 水4,水2,水4
下兵庫,坂井市環境推進課,火 金,水1,水2 水4,水2,水4
島,坂井市環境推進課,火 金,水1,水2 水4,水2,水4
末政,坂井市環境推進課,月 木,水2 水4,水2 水4,水2 水4,水2 水4
末政2区,坂井市環境推進課,月 木,水2 水4,水2 水4,水2 水4,水2 水4
随応寺,坂井市環境推進課,月 金,水1,水2 水4,水2,水4
千田,坂井市環境推進課,火 金,水2 水4,水2 水4,水2 水4,水2 水4
千歩寺,坂井市環境推進課,月 金,水1,水2 水4,水2,水4
関中,坂井市環境推進課,火 金,水1,水2 水4,水2,水4
曽谷,坂井市環境推進課,月 木,水2 水4,水2 水4,水2 水4,水2 水4
曽々木,坂井市環境推進課,火 金,水2 水4,水2 水4,水2 水4,水2 水4
立田団地,坂井市環境推進課,月 木,水1,水2 水4,水3,水2
竪,坂井市環境推進課,月 木,水1,水2 水4,水3,水2
嵩,坂井市環境推進課,月 木,水1,水2 水4,水3,水4
玉井,坂井市環境推進課,火 金,水1,水2 水4,水3,水2
大門,坂井市環境推進課,火 金,水1,水2 水4,水3,水2
代官屋敷,坂井市環境推進課,火 金,水1,水2 水4,水3,水2
竹松,坂井市環境推進課,火 金,水1,水2 水4,水3,水2
為安,坂井市環境推進課,月 木,水2 水4,水2 水4,水2 水4,水2 水4
反保,坂井市環境推進課,月 木,水2 水4,水2 水4,水2 水4,水2 水4
高柳3区,坂井市環境推進課,月 木,水2 水4,水2 水4,水2 水4,水2 水4
高瀬,坂井市環境推進課,月 木,水2 水4,水2 水4,水2 水4,水2 水4
高田,坂井市環境推進課,月 木,水2 水4,水2 水4,水2 水4,水2 水4
高柳,坂井市環境推進課,火 金,水2 水4,水2 水4,水2 水4,水2 水4
高柳2区,坂井市環境推進課,火 金,水2 水4,水2 水4,水2 水4,水2 水4
竹田口,坂井市環境推進課,火 金,水2 水4,水2 水4,水2 水4,水2 水4
田町,坂井市環境推進課,火 金,水2 水4,水2 水4,水2 水4,水2 水4
田屋,坂井市環境推進課,火 金,水2 水4,水2 水4,水2 水4,水2 水4
為国幸,坂井市環境推進課,月 金,水1,水2 水4,水2,水4
為国中区,坂井市環境推進課,月 金,水1,水2 水4,水2,水4
為国西の宮,坂井市環境推進課,月 金,水1,水2 水4,水2,水4
亀ケ久保,坂井市環境推進課,月 金,水1,水2 水4,水2,水4
田　端,坂井市環境推進課,月 金,水1,水2 水4,水2,水4
高　江,坂井市環境推進課,月 金,水1,水2 水4,水2,水4
田島　,坂井市環境推進課,月 木,水1,水2 水4,水2,水4
田島新,坂井市環境推進課,月 木,水1,水2 水4,水2,水4
田島窪,坂井市環境推進課,月 木,水1,水2 水4,水2,水4
舘,坂井市環境推進課,火 金,水1,水2 水4,水2,水4
蛸,坂井市環境推進課,火 金,水1,水2 水4,水2,水4
高柳,坂井市環境推進課,火 金,水1,水2 水4,水2,水4
中央,坂井市環境推進課,火 金,水1,水2 水4,水3,水2
筑後清水,坂井市環境推進課,月 木,水2 水4,水2 水4,水2 水4,水2 水4
つつじが丘,坂井市環境推進課,火 金,水1,水2 水4,水3,水2
坪ノ内,坂井市環境推進課,月 木,水2 水4,水2 水4,水2 水4,水2 水4
坪江,坂井市環境推進課,火 金,水2 水4,水2 水4,水2 水4,水2 水4
辻,坂井市環境推進課,月 金,水1,水2 水4,水2,水4
殿島,坂井市環境推進課,火 金,水1,水2 水4,水3,水2
玉江,坂井市環境推進課,火 金,水1,水2 水4,水3,水2
友末,坂井市環境推進課,月 木,水2 水4,水2 水4,水2 水4,水2 水4
豊原高瀬,坂井市環境推進課,月 木,水2 水4,水2 水4,水2 水4,水2 水4
寅国,坂井市環境推進課,火 金,水2 水4,水2 水4,水2 水4,水2 水4
東陽2丁目,坂井市環境推進課,火 金,水2 水4,水2 水4,水2 水4,水2 水4
豊原,坂井市環境推進課,火 金,水2 水4,水2 水4,水2 水4,水2 水4
東陽,坂井市環境推進課,火 金,水2 水4,水2 水4,水2 水4,水2 水4
取　次,坂井市環境推進課,月 金,水1,水2 水4,水2,水4
徳分田,坂井市環境推進課,月 木,水1,水2 水4,水2,水4
仲滝谷,坂井市環境推進課,月 木,水1,水2 水4,水3,水2
中元,坂井市環境推進課,火 金,水1,水2 水4,水3,水2
長崎,坂井市環境推進課,火 金,水2 水4,水2 水4,水2 水4,水2 水4
長崎新,坂井市環境推進課,火 金,水2 水4,水2 水4,水2 水4,水2 水4
中谷,坂井市環境推進課,火 金,水2 水4,水2 水4,水2 水4,水2 水4
中富田,坂井市環境推進課,火 金,水2 水4,水2 水4,水2 水4,水2 水4
中石城戸,坂井市環境推進課,火 金,水2 水4,水2 水4,水2 水4,水2 水4
中　庄,坂井市環境推進課,月 金,水1,水2 水4,水2,水4
中　筋,坂井市環境推進課,月 金,水1,水2 水4,水2,水4
中筋西,坂井市環境推進課,月 金,水1,水2 水4,水2,水4
中筋駅前,坂井市環境推進課,月 金,水1,水2 水4,水2,水4
中筋三ツ屋,坂井市環境推進課,月 金,水1,水2 水4,水2,水4
中筋北浦南,坂井市環境推進課,月 金,水1,水2 水4,水2,水4
中筋北浦北,坂井市環境推進課,月 金,水1,水2 水4,水2,水4
中筋大手,坂井市環境推進課,月 金,水1,水2 水4,水2,水4
中宮領,坂井市環境推進課,月 木,水1,水2 水4,水2,水4
長畑,坂井市環境推進課,月 木,水1,水2 水4,水2,水4
長屋,坂井市環境推進課,月 木,水1,水2 水4,水2,水4
長屋さくら台,坂井市環境推進課,月 木,水1,水2 水4,水2,水4
中の江,坂井市環境推進課,火 金,水1,水2 水4,水2,水4
西滝本,坂井市環境推進課,月 木,水1,水2 水4,水3,水2
西滝谷,坂井市環境推進課,月 木,水1,水2 水4,水3,水2
西谷,坂井市環境推進課,月 木,水1,水2 水4,水3,水4
西野中,坂井市環境推進課,月 木,水1,水2 水4,水3,水4
ﾆｭｰﾀｳﾝ黒目,坂井市環境推進課,月 木,水1,水2 水4,水3,水4
西今市,坂井市環境推進課,火 金,水1,水2 水4,水3,水2
西瓜屋1の1,坂井市環境推進課,火 金,水2 水4,水2 水4,水2 水4,水2 水4
西瓜屋1の2,坂井市環境推進課,火 金,水2 水4,水2 水4,水2 水4,水2 水4
西瓜屋1の3,坂井市環境推進課,火 金,水2 水4,水2 水4,水2 水4,水2 水4
西瓜屋2区,坂井市環境推進課,火 金,水2 水4,水2 水4,水2 水4,水2 水4
西瓜屋3区,坂井市環境推進課,火 金,水2 水4,水2 水4,水2 水4,水2 水4
西里丸岡1区,坂井市環境推進課,火 金,水2 水4,水2 水4,水2 水4,水2 水4
西里丸岡2区,坂井市環境推進課,火 金,水2 水4,水2 水4,水2 水4,水2 水4
西里丸岡3区,坂井市環境推進課,火 金,水2 水4,水2 水4,水2 水4,水2 水4
ニュー一本田,坂井市環境推進課,火 金,水2 水4,水2 水4,水2 水4,水2 水4
西太郎丸,坂井市環境推進課,月 金,水1,水2 水4,水2,水4
西長田,坂井市環境推進課,月 金,水1,水2 水4,水2,水4
中筋東,坂井市環境推進課,月 金,水1,水2 水4,水2,水4
西宮領,坂井市環境推進課,月 木,水1,水2 水4,水2,水4
西,坂井市環境推進課,火 金,水1,水2 水4,水2,水4
野中,坂井市環境推進課,火 金,水1,水2 水4,水3,水4
野中山王,坂井市環境推進課,月 木,水2 水4,水2 水4,水2 水4,水2 水4
乗兼,坂井市環境推進課,火 金,水2 水4,水2 水4,水2 水4,水2 水4
橋本,坂井市環境推進課,月 木,水1,水2 水4,水3,水2
浜滝谷,坂井市環境推進課,月 木,水1,水2 水4,水3,水2
浜地,坂井市環境推進課,月 木,水1,水2 水4,水3,水4
ﾊﾟｰﾌﾟﾙﾀｳﾝ黒目,坂井市環境推進課,月 木,水1,水2 水4,水3,水4
羽崎,坂井市環境推進課,月 木,水2 水4,水2 水4,水2 水4,水2 水4
八丁,坂井市環境推進課,月 木,水2 水4,水2 水4,水2 水4,水2 水4
葉咲野,坂井市環境推進課,月 木,水2 水4,水2 水4,水2 水4,水2 水4
八幡町,坂井市環境推進課,火 金,水2 水4,水2 水4,水2 水4,水2 水4
針ノ木,坂井市環境推進課,火 金,水2 水4,水2 水4,水2 水4,水2 水4
畑中,坂井市環境推進課,火 金,水2 水4,水2 水4,水2 水4,水2 水4
八ヶ郷1区,坂井市環境推進課,火 金,水2 水4,水2 水4,水2 水4,水2 水4
針原東,坂井市環境推進課,月 金,水1,水2 水4,水2,水4
針原西,坂井市環境推進課,月 金,水1,水2 水4,水2,水4
針原平柳,坂井市環境推進課,月 金,水1,水2 水4,水2,水4
華水木,坂井市環境推進課,月 木,水1,水2 水4,水2,水4
花の町1丁目,坂井市環境推進課,火 金,水1,水2 水4,水2,水4
花のまち2丁目,坂井市環境推進課,火 金,水1,水2 水4,水2,水4
平野,坂井市環境推進課,月 木,水1,水2 水4,水3,水2
日和山,坂井市環境推進課,月 木,水1,水2 水4,水3,水2
東滝本,坂井市環境推進課,月 木,水1,水2 水4,水3,水2
平山,坂井市環境推進課,月 木,水1,水2 水4,水3,水4
東下西,坂井市環境推進課,火 金,水1,水2 水4,水3,水2
東二ッ屋,坂井市環境推進課,月 木,水2 水4,水2 水4,水2 水4,水2 水4
東組,坂井市環境推進課,火 金,水2 水4,水2 水4,水2 水4,水2 水4
東太郎丸,坂井市環境推進課,月 金,水1,水2 水4,水2,水4
姫　王,坂井市環境推進課,月 金,水1,水2 水4,水2,水4
東若宮,坂井市環境推進課,月 木,水1,水2 水4,水2,水4
東長田,坂井市環境推進課,月 木,水1,水2 水4,水2,水4
日の出,坂井市環境推進課,月 木,水1,水2 水4,水2,水4
東,坂井市環境推進課,火 金,水1,水2 水4,水2,水4
東中野,坂井市環境推進課,火 金,水1,水2 水4,水2,水4
東荒井,坂井市環境推進課,火 金,水1,水2 水4,水2,水4
藤沢,坂井市環境推進課,火 金,水1,水2 水4,水3,水2
舟寄1区,坂井市環境推進課,火 金,水2 水4,水2 水4,水2 水4,水2 水4
舟寄2区,坂井市環境推進課,火 金,水2 水4,水2 水4,水2 水4,水2 水4
舟寄3区,坂井市環境推進課,火 金,水2 水4,水2 水4,水2 水4,水2 水4
舟寄4区,坂井市環境推進課,火 金,水2 水4,水2 水4,水2 水4,水2 水4
舟寄5区,坂井市環境推進課,火 金,水2 水4,水2 水4,水2 水4,水2 水4
舟寄新,坂井市環境推進課,火 金,水2 水4,水2 水4,水2 水4,水2 水4
伏屋,坂井市環境推進課,火 金,水2 水4,水2 水4,水2 水4,水2 水4
文京,坂井市環境推進課,火 金,水2 水4,水2 水4,水2 水4,水2 水4
藤鷲塚,坂井市環境推進課,月 金,水1,水2 水4,水2,水4
福　町,坂井市環境推進課,月 金,水1,水2 水4,水2,水4
布施田新,坂井市環境推進課,月 金,水1,水2 水4,水2,水4
福島,坂井市環境推進課,月 木,水1,水2 水4,水2,水4
ポートタウン,坂井市環境推進課,月 木,水1,水2 水4,水3,水4
堀水,坂井市環境推進課,火 金,水2 水4,水2 水4,水2 水4,水2 水4
本　堂,坂井市環境推進課,月 金,水1,水2 水4,水2,水4
堀　越,坂井市環境推進課,月 金,水1,水2 水4,水2,水4
マリンタウン崎,坂井市環境推進課,月 木,水1,水2 水4,水3,水4
松ケ下,坂井市環境推進課,火 金,水1,水2 水4,水3,水2
松川町,坂井市環境推進課,火 金,水2 水4,水2 水4,水2 水4,水2 水4
松川,坂井市環境推進課,火 金,水2 水4,水2 水4,水2 水4,水2 水4
舛田,坂井市環境推進課,火 金,水2 水4,水2 水4,水2 水4,水2 水4
松　木,坂井市環境推進課,月 金,水1,水2 水4,水2,水4
南末広,坂井市環境推進課,月 木,水1,水2 水4,水3,水2
緑ヶ丘,坂井市環境推進課,月 木,水1,水2 水4,水3,水2
緑ｹ丘五丁目,坂井市環境推進課,月 木,水1,水2 水4,水3,水2
美保,坂井市環境推進課,月 木,水1,水2 水4,水3,水4
三国東,坂井市環境推進課,火 金,水1,水2 水4,水3,水2
三国東団地,坂井市環境推進課,火 金,水1,水2 水4,水3,水2
水居,坂井市環境推進課,火 金,水1,水2 水4,水3,水4
水居団地,坂井市環境推進課,火 金,水1,水2 水4,水3,水4
南横地1区,坂井市環境推進課,月 木,水2 水4,水2 水4,水2 水4,水2 水4
南横地2区,坂井市環境推進課,月 木,水2 水4,水2 水4,水2 水4,水2 水4
南横地3区,坂井市環境推進課,月 木,水2 水4,水2 水4,水2 水4,水2 水4
南今市,坂井市環境推進課,月 木,水2 水4,水2 水4,水2 水4,水2 水4
南霞1区,坂井市環境推進課,火 金,水2 水4,水2 水4,水2 水4,水2 水4
南霞2区,坂井市環境推進課,火 金,水2 水4,水2 水4,水2 水4,水2 水4
南霞3区,坂井市環境推進課,火 金,水2 水4,水2 水4,水2 水4,水2 水4
南霞4区,坂井市環境推進課,火 金,水2 水4,水2 水4,水2 水4,水2 水4
御幸,坂井市環境推進課,火 金,水2 水4,水2 水4,水2 水4,水2 水4
宮領,坂井市環境推進課,月 木,水1,水2 水4,水2,水4
南蔵垣内,坂井市環境推進課,火 金,水1,水2 水4,水2,水4
室町,坂井市環境推進課,火 金,水2 水4,水2 水4,水2 水4,水2 水4
森町,坂井市環境推進課,火 金,水1,水2 水4,水3,水2
元新,坂井市環境推進課,火 金,水1,水2 水4,水3,水2
山岸,坂井市環境推進課,月 木,水1,水2 水4,水3,水4
山上西,坂井市環境推進課,火 金,水1,水2 水4,水3,水2
安田新,坂井市環境推進課,月 木,水2 水4,水2 水4,水2 水4,水2 水4
山崎三ケ,坂井市環境推進課,月 木,水2 水4,水2 水4,水2 水4,水2 水4
山口,坂井市環境推進課,月 木,水2 水4,水2 水4,水2 水4,水2 水4
山竹田,坂井市環境推進課,月 木,水2 水4,水2 水4,水2 水4,水2 水4
八ッ口,坂井市環境推進課,火 金,水2 水4,水2 水4,水2 水4,水2 水4
山久保,坂井市環境推進課,火 金,水2 水4,水2 水4,水2 水4,水2 水4
矢　島,坂井市環境推進課,月 金,水1,水2 水4,水2,水4
安　沢,坂井市環境推進課,月 金,水1,水2 水4,水2,水4
安光,坂井市環境推進課,火 金,水1,水2 水4,水2,水4
夢咲の街,坂井市環境推進課,月 木,水1,水2 水4,水2,水4
横越,坂井市環境推進課,月 木,水1,水2 水4,水3,水4
米納津,坂井市環境推進課,月 木,水1,水2 水4,水3,水4
四日市,坂井市環境推進課,火 金,水1,水2 水4,水3,水2
寄永,坂井市環境推進課,月 木,水2 水4,水2 水4,水2 水4,水2 水4
四ッ屋,坂井市環境推進課,月 木,水2 水4,水2 水4,水2 水4,水2 水4
四ッ柳,坂井市環境推進課,月 木,水2 水4,水2 水4,水2 水4,水2 水4
吉政,坂井市環境推進課,火 金,水2 水4,水2 水4,水2 水4,水2 水4
与河,坂井市環境推進課,火 金,水2 水4,水2 水4,水2 水4,水2 水4
寄　安,坂井市環境推進課,月 金,水1,水2 水4,水2,水4
寄安金戸,坂井市環境推進課,月 金,水1,水2 水4,水2,水4
楽円,坂井市環境推進課,月 木,水1,水2 水4,水3,水4
楽間,坂井市環境推進課,月 木,水2 水4,水2 水4,水2 水4,水2 水4
竜北,坂井市環境推進課,火 金,水2 水4,水2 水4,水2 水4,水2 水4
リリータウン,坂井市環境推進課,月 金,水1,水2 水4,水2,水4
六呂瀬,坂井市環境推進課,月 木,水2 水4,水2 水4,水2 水4,水2 水4
若宮,坂井市環境推進課,月 木,水1,水2 水4,水2,水4
若宮新,坂井市環境推進課,月 木,水1,水2 水4,水2,水4
